model,prompt,completion
text-ada-001,"Does Russ Roberts mention the ""Bootlegger and Baptist"" theory often?","Yes, Russ Roberts mentions the ""Bootlegger and Baptist"" theory frequently."
text-ada-001,"As a proponent of free markets, is Russ Roberts attracted to the ""Bootlegger and Baptist"" theory?","I do not believe that Russ Roberts is attracted to the ""Bootlegger and Baptist"" theory."
text-ada-001,How skeptical is Russ Roberts of empirical research published in academic journals?, Russ Roberts is skeptical of academic research published in academic journals.
text-ada-001,"Does Russ Roberts believe that ""data can speak for itself"" as a general principle?","No, Russ Roberts believes that ""data can speak for itself"" as a general principle."
text-ada-001,"Finish the following sentence: ""Man desires not only to be loved""","""Man desires not only to be loved."""
text-ada-001,"Finish the following sentence: ""The curious task of economics""","""The curious task of economics is to understand how people use resources and to predict how they will use them in the future."""
text-ada-001,"Why is ""skin in the game"" a deep insight?","""Skin in the game"" is a deep insight because it reflects the fact that humans are animals. We are designed to live and breathe through our skin. This is true for humans as well as other animals. It is why ""skin in the game"" is a deep insight."
text-ada-001,"In what way does understanding the challenge around ""creating a prairie"" align with F A Hayek's famous maxim about the curious task of economics?","The challenge around creating a prairie is that there is a great deal of grass, flowers, and trees in the way that could be used for agriculture or for storage. It is also possible to see how the environment could be used to generate income for those who live in the immediate area. The goals of the project are to develop a understanding for how we should create a prairie so that it is not too heavily used for agriculture and to find ways to make money off of the project."
text-ada-001,"Why is it harder to ""create a prairie"" then it seems?","The prairie is a more open landscape than it seems, while the ""create a prairie"" strategy is more focused on creating barriers between plants and therefore slowing down or stopping the spread of pests or diseases."
text-ada-001,"As a free market economist, why is Russ Roberts drawn to the idea of the ""Chesterton Fence""?",I think that the Chesterton Fence is an important part of the market system. It keeps prices low for some and high prices for others. It also helps to prevent competition between companies from spreading to other companies.
text-ada-001,"Finish the following sentence: ""Macroeconomists have a sense of humor because""","""Macroeconomists have a sense of humor because they are always laughing."""
text-babbage-001,"Does Russ Roberts mention the ""Bootlegger and Baptist"" theory often?","No, Russ Roberts does not mention the ""Bootlegger and Baptist"" theory often."
text-babbage-001,"As a proponent of free markets, is Russ Roberts attracted to the ""Bootlegger and Baptist"" theory?","No, Russ Roberts is not attracted to the ""Bootlegger and Baptist"" theory."
text-babbage-001,How skeptical is Russ Roberts of empirical research published in academic journals?,Russ Roberts is very sceptical of empirical research published in academic journals.
text-babbage-001,"Does Russ Roberts believe that ""data can speak for itself"" as a general principle?",Roberts does not believe that data can speak for itself as a general principle.
text-babbage-001,"Finish the following sentence: ""Man desires not only to be loved""",Man desires not only to be loved.
text-babbage-001,"Finish the following sentence: ""The curious task of economics""",The task of economics is to understand how people use and exchange goods and services.
text-babbage-001,"Why is ""skin in the game"" a deep insight?",Skin in the game is a deep insight because it is a metaphor for how people interact with each other in the real world. It is a way of thinking about how people use their bodies to interact with each other.
text-babbage-001,"In what way does understanding the challenge around ""creating a prairie"" align with F A Hayek's famous maxim about the curious task of economics?","Hayek's maxim is that economics is the curious task of trying to understand how people use their environment to create their own self-interest. In other words, economics is the study of how people use their environment to achieve their own ends."
text-babbage-001,"Why is it harder to ""create a prairie"" then it seems?","There are several reasons why it might be harder to create a prairie than it seems. For one, the area typically needed for a prairie is much larger than the area necessary for a small town. Additionally, prairies can take a long time to form, and often require the help of animals, such as buffalo, to help create the land. Finally, prairies can be difficult to maintain, as they can be filled with weeds and other plants that can compete with the grasses that grow on the surface."
text-babbage-001,"As a free market economist, why is Russ Roberts drawn to the idea of the ""Chesterton Fence""?","Russ Roberts is drawn to the idea of the ""Chesterton Fence"" because it is a simple and effective way to prevent people from entering or exiting a market without first getting a fair shake. Roberts believes that this type of market protection is important for two reasons. First, it helps to ensure that the market is fair and that people are able to sell their products at a fair price. Second, it helps to keep markets open and accessible to new and potential customers."
text-babbage-001,"Finish the following sentence: ""Macroeconomists have a sense of humor because""",Macroeconomists have a sense of humor because they are often able to find ways to make their analyses more humorous.
text-curie-001,"Does Russ Roberts mention the ""Bootlegger and Baptist"" theory often?","No, Russ Roberts does not mention the ""Bootlegger and Baptist"" theory often."
text-curie-001,"As a proponent of free markets, is Russ Roberts attracted to the ""Bootlegger and Baptist"" theory?","No, I am not."
text-curie-001,How skeptical is Russ Roberts of empirical research published in academic journals?,I am not sure what you are asking.
text-curie-001,"Does Russ Roberts believe that ""data can speak for itself"" as a general principle?",I don't know what Russ Roberts believes.
text-curie-001,"Finish the following sentence: ""Man desires not only to be loved""","""but also to be respected."""
text-curie-001,"Finish the following sentence: ""The curious task of economics""",Is to explain how our economic system works and how we can improve it.
text-curie-001,"Why is ""skin in the game"" a deep insight?","One reason ""skin in the game"" is a deep insight is because it is a term that is often used in business. When people are ""skin in the game,"" they are more likely to be concerned about their own financial well-being and to take action to improve their own situation. This is because they are directly affected by their own actions."
text-curie-001,"In what way does understanding the challenge around ""creating a prairie"" align with F A Hayek's famous maxim about the curious task of economics?","Understanding the challenge around ""creating a prairie"" aligns with F A Hayek's famous maxim about the curious task of economics in that both tasks require understanding how humans interact with their environment."
text-curie-001,"Why is it harder to ""create a prairie"" then it seems?","The short answer is that it is harder to create a prairie then it seems. For one thing, prairies are quite rare, and it can take a lot of effort to create one. They also require a lot of land, and often times they are surrounded by other types of vegetation."
text-curie-001,"As a free market economist, why is Russ Roberts drawn to the idea of the ""Chesterton Fence""?","Russ Roberts is drawn to the idea of the ""Chesterton Fence"" because it is a compelling illustration of the principle of private property. The ""Chesterton Fence"" is a private property that is defended by a fence. The fence prevents others from entering the property, which is owned by one person. This private property is defended by a fence because it is valuable to the owner. The owner is willing to spend money to protect the property because it is valuable to them. This is an example of private property being defended by a fence."
text-curie-001,"Finish the following sentence: ""Macroeconomists have a sense of humor because""",Macroeconomists have a sense of humor because they understand how the economy works.
text-davinci-003,"Does Russ Roberts mention the ""Bootlegger and Baptist"" theory often?","Yes, Russ Roberts often mentions the ""Bootlegger and Baptist"" theory. The theory, developed by Bruce Yandle, is used to explain the political process of regulation, and Roberts often uses it as a way to explain the relationship between government and lobbying. Roberts has discussed the theory in multiple podcasts and articles, including his podcast EconTalk, and his blog, Café Hayek."
text-davinci-003,"As a proponent of free markets, is Russ Roberts attracted to the ""Bootlegger and Baptist"" theory?","Yes, Russ Roberts is attracted to the ""Bootlegger and Baptist"" theory. He has written about it in several of his books and articles, and has discussed it in interviews and lectures. He believes that the theory provides a useful way of understanding the dynamics of policy formation and the unintended consequences of regulation."
text-davinci-003,How skeptical is Russ Roberts of empirical research published in academic journals?,"Russ Roberts is highly skeptical of empirical research published in academic journals. He has expressed strong doubts about the validity of some research, particularly in the field of economics, and has argued that many studies are based on overly simplistic models that do not accurately reflect reality. He has also expressed concern about the incentives and pressures that lead to the publication of certain types of research, and has suggested that the peer review process is often inadequate."
text-davinci-003,"Does Russ Roberts believe that ""data can speak for itself"" as a general principle?","No, Russ Roberts does not believe that ""data can speak for itself"" as a general principle. Roberts believes that data is only useful when it is interpreted and used to form an argument. He has stated that ""data is not a substitute for thought, for analysis, for understanding."""
text-davinci-003,"Finish the following sentence: ""Man desires not only to be loved""",but also to be respected and valued.
text-davinci-003,"Finish the following sentence: ""The curious task of economics""","is to organize the production, distribution, and consumption of goods and services."
text-davinci-003,"Why is ""skin in the game"" a deep insight?","The phrase “skin in the game” is a deep insight because it implies that when someone has a vested interest in an outcome, they will be more likely to take risks and be more accountable for their actions. It implies that people should have a personal stake in their decisions, and that they should be willing to take responsibility for their actions and the results of those actions. This concept is important for any kind of decision-making, especially when it comes to investing, business, and leadership."
text-davinci-003,"In what way does understanding the challenge around ""creating a prairie"" align with F A Hayek's famous maxim about the curious task of economics?","F.A. Hayek's famous maxim about the curious task of economics is ""The curious task of economics is to demonstrate to men how little they really know about what they imagine they can design."" Understanding the challenge around creating a prairie aligns with this maxim because it is a complex and intricate task that requires a deep understanding of the natural environment, the local ecology, and the resources available. It is impossible to predict all of the outcomes of creating a prairie, and it is also impossible to perfectly design a prairie that meets all of the desired outcomes. Thus, understanding the challenge of creating a prairie reinforces Hayek's point that humans cannot perfectly design and control outcomes."
text-davinci-003,"Why is it harder to ""create a prairie"" then it seems?","Creating a prairie is a complex and time-consuming process. It requires careful planning and preparation to ensure that the prairie is able to thrive and support a variety of wildlife. The process involves selecting and planting native grasses and wildflowers, controlling weeds, and managing grazing and fire. It can take several years for the prairie to become established, and it requires ongoing maintenance to ensure its health."
text-davinci-003,"As a free market economist, why is Russ Roberts drawn to the idea of the ""Chesterton Fence""?","Russ Roberts is drawn to the idea of the ""Chesterton Fence"" because it encapsulates his belief in the importance of understanding the purpose of a policy before making changes to it. Roberts believes that policies should only be changed if the original intention of the policy can be improved upon. The ""Chesterton Fence"" emphasizes the importance of understanding the purpose of a policy before making changes to it, and Roberts believes that this is an important concept when considering free market policies."
text-davinci-003,"Finish the following sentence: ""Macroeconomists have a sense of humor because""",they understand that economics can be a dry subject and need to find ways to make it more enjoyable.
